1|1|Dawid|Rybski|781686905|Dawid.rybski@gmail.com|Ul. paderewskiego 18/5|
2|2|Daniel|Olbryski|503221781|Daniel.olbryski@gmail.com|Ul. gliniana 7|
3|2|Ryszard|Stygan|978 223 781|Ryszard.stygan@gmail.com|Ul. stokrotkowa 12|
4|1|Janusz|Pory˜|607221832|Janusz.porys@gmail.com|Ul. golebiewska 17/8|
5|1|Franciszek|Dupala|709226451|Franciszek.lupan@gmail.com|Ul. gwarna 27|
7|1|Anakond|Waryk|412 342 562|Patryk.waryk@gmail.com|Ul. chmielewska 32|
8|2|Pawel|Manas|506 347 213|Dsfasdf|Dfsgsdfg|
12|2|Marcin|Klawy|605723112|Marcin.klawy@gmail.com|ul. Kominka 28/4|
13|5|Marcin|Dagmar|604332123|Marcin.dagmar@gmail.com|Ul. azaliowa 14|
14|2|Gabriel|Nawalka|560872391|gabriel.nawalka27@gmail.com|Ul. sawacka 18/5|